{
  "rmse": 110170.83680803323,
  "mae": 49964.85676070389,
  "mape": 13.506915619014121,
  "r2": 0.8892121686143524
}