{
  "rmse": 101381.06293115053,
  "mae": 44678.9764268849,
  "mape": 12.081724726128225,
  "r2": 0.9061849648504406
}